Flare Class,Start Time,Peak Time,End Time,Active Region Number,Harp Number,CME
M1.2,2010-05-05T17:13Z,2010-05-05T17:19Z,2010-05-05T17:22Z,11069,8,No
M1.0,2010-06-13T05:30Z,2010-06-13T05:39Z,2010-06-13T05:44Z,11079,49,No
M2.0,2010-06-12T00:30Z,2010-06-12T00:57Z,2010-06-12T01:02Z,11081,54,No
M1.0,2010-08-07T17:55Z,2010-08-07T18:24Z,2010-08-07T18:47Z,11093,115,No
M2.9,2010-10-16T19:07Z,2010-10-16T19:12Z,2010-10-16T19:15Z,11112,211,No
M5.4,2010-11-06T15:27Z,2010-11-06T15:36Z,2010-11-06T15:44Z,11121,245,No
M1.6,2010-11-04T23:30Z,2010-11-04T23:58Z,2010-11-05T00:12Z,11121,245,No
M1.0,2010-11-05T12:43Z,2010-11-05T13:29Z,2010-11-05T14:06Z,11121,245,No
M1.3,2011-01-28T00:44Z,2011-01-28T01:03Z,2011-01-28T01:10Z,11149,345,No
M1.9,2011-02-09T01:23Z,2011-02-09T01:31Z,2011-02-09T01:35Z,11153,362,No
X2.2,2011-02-15T01:44Z,2011-02-15T01:56Z,2011-02-15T02:06Z,11158,377,2011-02-15T02:25:00-CME-001
M6.6,2011-02-13T17:28Z,2011-02-13T17:38Z,2011-02-13T17:47Z,11158,377,No
M6.6,2011-02-18T09:55Z,2011-02-18T10:11Z,2011-02-18T10:15Z,11158,377,No
M2.2,2011-02-14T17:20Z,2011-02-14T17:26Z,2011-02-14T17:32Z,11158,377,No
M1.6,2011-02-16T14:19Z,2011-02-16T14:25Z,2011-02-16T14:29Z,11158,377,No
M1.4,2011-02-18T12:59Z,2011-02-18T13:03Z,2011-02-18T13:06Z,11158,377,No
M1.3,2011-02-18T20:56Z,2011-02-18T21:04Z,2011-02-18T21:14Z,11162,384,No
M1.1,2011-02-16T07:35Z,2011-02-16T07:44Z,2011-02-16T07:55Z,11161,384,No
M1.0,2011-02-18T10:23Z,2011-02-18T10:26Z,2011-02-18T10:37Z,11162,384,No
M1.0,2011-02-18T14:00Z,2011-02-18T14:08Z,2011-02-18T14:15Z,11162,384,No
M3.5,2011-02-24T07:23Z,2011-02-24T07:35Z,2011-02-24T07:42Z,11163,392,2011-02-24T08:00:00-CME-001
M3.7,2011-03-07T19:43Z,2011-03-07T20:12Z,2011-03-07T20:58Z,11164,393,2011-03-07T20:12:00-CME-001
M1.8,2011-03-07T09:14Z,2011-03-07T09:20Z,2011-03-07T09:28Z,11164,393,No
M1.4,2011-03-07T07:59Z,2011-03-07T08:07Z,2011-03-07T08:15Z,11164,393,No
M1.2,2011-03-07T05:00Z,2011-03-07T05:13Z,2011-03-07T05:19Z,11164,393,No
M1.1,2011-02-28T12:38Z,2011-02-28T12:52Z,2011-02-28T13:03Z,11164,393,No
M5.3,2011-03-08T10:35Z,2011-03-08T10:44Z,2011-03-08T10:55Z,11165,394,No
M4.4,2011-03-08T18:08Z,2011-03-08T18:28Z,2011-03-08T18:41Z,11165,394,No
M1.5,2011-03-07T07:49Z,2011-03-07T07:54Z,2011-03-07T07:56Z,11165,394,No
M1.5,2011-03-07T21:45Z,2011-03-07T21:50Z,2011-03-07T21:55Z,11165,394,No
M1.4,2011-03-08T19:46Z,2011-03-08T20:16Z,2011-03-08T21:19Z,11165,394,No
M1.3,2011-03-08T02:24Z,2011-03-08T02:29Z,2011-03-08T02:32Z,11165,394,No
X1.5,2011-03-09T23:13Z,2011-03-09T23:23Z,2011-03-09T23:29Z,11166,401,No
M2.0,2011-03-07T13:45Z,2011-03-07T14:30Z,2011-03-07T14:56Z,11166,401,2011-03-07T14:40:00-CME-001
M1.7,2011-03-09T10:35Z,2011-03-09T11:07Z,2011-03-09T11:21Z,11166,401,No
M1.7,2011-03-09T13:17Z,2011-03-09T14:02Z,2011-03-09T14:13Z,11166,401,No
M1.3,2011-03-12T04:33Z,2011-03-12T04:43Z,2011-03-12T04:48Z,11166,401,No
M4.2,2011-03-14T19:30Z,2011-03-14T19:52Z,2011-03-14T19:54Z,11169,407,No
M1.0,2011-03-15T00:18Z,2011-03-15T00:22Z,2011-03-15T00:24Z,11169,407,No
M1.5,2011-03-08T03:37Z,2011-03-08T03:58Z,2011-03-08T04:20Z,11171,415,2011-03-08T05:00:00-CME-001
M1.4,2011-03-23T02:03Z,2011-03-23T02:17Z,2011-03-23T02:24Z,11176,437,No
M1.0,2011-03-24T12:01Z,2011-03-24T12:07Z,2011-03-24T12:11Z,11176,437,No
M1.0,2011-03-25T23:08Z,2011-03-25T23:22Z,2011-03-25T23:30Z,11176,437,No
M1.3,2011-04-15T17:02Z,2011-04-15T17:12Z,2011-04-15T17:28Z,11190,495,No
M1.8,2011-04-22T04:35Z,2011-04-22T04:57Z,2011-04-22T05:14Z,11195,514,No
M1.2,2011-04-22T15:47Z,2011-04-22T15:53Z,2011-04-22T16:11Z,11195,514,No
M2.5,2011-06-07T06:16Z,2011-06-07T06:41Z,2011-06-07T06:59Z,11226,637,2011-06-07T06:50:00-CME-001
M1.4,2011-05-29T10:08Z,2011-05-29T10:33Z,2011-05-29T11:08Z,11226,637,No
M1.1,2011-05-28T21:09Z,2011-05-28T21:50Z,2011-05-28T22:01Z,11226,637,No
M1.3,2011-06-14T21:36Z,2011-06-14T21:47Z,2011-06-14T22:10Z,11236,667,No
M1.1,2011-07-27T15:48Z,2011-07-27T16:07Z,2011-07-27T16:22Z,11260,746,No
M9.3,2011-08-04T03:41Z,2011-08-04T03:57Z,2011-08-04T04:04Z,11261,750,2011-08-04T04:10:00-CME-001
M9.3,2011-07-30T02:04Z,2011-07-30T02:09Z,2011-07-30T02:12Z,11261,750,No
M6.0,2011-08-03T13:17Z,2011-08-03T13:48Z,2011-08-03T14:10Z,11261,750,2011-08-03T13:55:00-CME-001
M1.4,2011-08-02T05:19Z,2011-08-02T06:19Z,2011-08-02T06:48Z,11261,750,No
M1.1,2011-08-03T03:08Z,2011-08-03T03:37Z,2011-08-03T03:51Z,11261,750,No
X6.9,2011-08-09T07:48Z,2011-08-09T08:05Z,2011-08-09T08:08Z,11263,753,No
M3.5,2011-08-08T18:00Z,2011-08-08T18:10Z,2011-08-08T18:18Z,11263,753,No
M2.5,2011-08-09T03:19Z,2011-08-09T03:54Z,2011-08-09T04:08Z,11263,753,No
M1.7,2011-08-03T04:29Z,2011-08-03T04:32Z,2011-08-03T04:35Z,11263,753,No
M3.2,2011-09-04T11:21Z,2011-09-04T11:45Z,2011-09-04T11:50Z,11286,814,No
M1.6,2011-09-05T04:08Z,2011-09-05T04:28Z,2011-09-05T04:32Z,11286,814,No
M1.2,2011-09-05T07:27Z,2011-09-05T07:58Z,2011-09-05T08:06Z,11286,814,No
X2.1,2011-09-06T22:12Z,2011-09-06T22:20Z,2011-09-06T22:24Z,11283,833,No
X1.8,2011-09-07T22:32Z,2011-09-07T22:38Z,2011-09-07T22:44Z,11283,833,2011-09-07T23:24:00-CME-001
M6.7,2011-09-08T15:32Z,2011-09-08T15:46Z,2011-09-08T15:52Z,11283,833,No
M5.3,2011-09-06T01:35Z,2011-09-06T01:50Z,2011-09-06T02:05Z,11283,833,No
M2.7,2011-09-09T06:01Z,2011-09-09T06:11Z,2011-09-09T06:17Z,11283,833,No
M1.2,2011-09-09T12:39Z,2011-09-09T12:49Z,2011-09-09T12:56Z,11283,833,No
M1.1,2011-09-10T07:18Z,2011-09-10T07:40Z,2011-09-10T07:56Z,11283,833,No
M1.7,2011-09-24T16:36Z,2011-09-24T16:59Z,2011-09-24T17:15Z,11295,856,No
M1.6,2011-09-23T01:47Z,2011-09-23T01:59Z,2011-09-23T02:10Z,11295,856,No
M1.6,2011-09-23T21:54Z,2011-09-23T22:15Z,2011-09-23T22:34Z,11295,856,No
M1.8,2011-09-21T12:04Z,2011-09-21T12:23Z,2011-09-21T12:45Z,11301,878,No
X1.9,2011-09-24T09:21Z,2011-09-24T09:40Z,2011-09-24T09:48Z,11302,892,No
X1.4,2011-09-22T10:29Z,2011-09-22T11:01Z,2011-09-22T11:44Z,11302,892,2011-09-22T11:24:00-CME-001
M7.4,2011-09-25T04:31Z,2011-09-25T04:50Z,2011-09-25T05:05Z,11302,892,No
M7.1,2011-09-24T12:33Z,2011-09-24T13:20Z,2011-09-24T14:10Z,11302,892,No
M5.8,2011-09-24T20:29Z,2011-09-24T20:36Z,2011-09-24T20:42Z,11302,892,No
M4.4,2011-09-25T02:27Z,2011-09-25T02:33Z,2011-09-25T02:37Z,11302,892,No
M4.0,2011-09-26T05:06Z,2011-09-26T05:08Z,2011-09-26T05:13Z,11302,892,No
M3.7,2011-09-25T15:26Z,2011-09-25T15:33Z,2011-09-25T15:38Z,11302,892,No
M3.1,2011-09-24T17:19Z,2011-09-24T17:25Z,2011-09-24T17:31Z,11302,892,No
M3.1,2011-09-25T08:46Z,2011-09-25T08:49Z,2011-09-25T08:52Z,11302,892,No
M3.0,2011-09-24T19:09Z,2011-09-24T19:21Z,2011-09-24T19:41Z,11302,892,No
M2.8,2011-09-24T17:59Z,2011-09-24T18:15Z,2011-09-24T18:24Z,11302,892,No
M2.6,2011-09-26T14:37Z,2011-09-26T14:46Z,2011-09-26T15:02Z,11302,892,No
M1.9,2011-09-23T23:48Z,2011-09-23T23:56Z,2011-09-24T00:04Z,11302,892,No
M1.3,2011-10-02T17:19Z,2011-10-02T17:23Z,2011-10-02T17:26Z,11302,892,No
M1.2,2011-09-28T13:24Z,2011-09-28T13:28Z,2011-09-28T13:30Z,11302,892,No
M1.1,2011-09-22T09:53Z,2011-09-22T10:00Z,2011-09-22T10:09Z,11302,892,No
M2.2,2011-09-25T16:51Z,2011-09-25T16:58Z,2011-09-25T17:09Z,11303,899,No
M1.5,2011-09-25T09:25Z,2011-09-25T09:35Z,2011-09-25T09:53Z,11303,899,No
M1.2,2011-09-24T21:23Z,2011-09-24T21:27Z,2011-09-24T21:32Z,11303,899,No
M1.0,2011-09-24T23:45Z,2011-09-24T23:58Z,2011-09-25T00:09Z,11303,899,No
M3.9,2011-10-02T00:37Z,2011-10-02T00:50Z,2011-10-02T00:59Z,11305,902,No
M1.2,2011-10-01T08:56Z,2011-10-01T09:59Z,2011-10-01T10:17Z,11305,902,No
M1.0,2011-09-30T18:55Z,2011-09-30T19:06Z,2011-09-30T19:15Z,11305,902,No
M1.3,2011-10-22T10:00Z,2011-10-22T11:10Z,2011-10-22T13:09Z,11314,940,No
M1.3,2011-10-21T12:53Z,2011-10-21T13:00Z,2011-10-21T13:08Z,11319,940,No
X1.9,2011-11-03T20:16Z,2011-11-03T20:27Z,2011-11-03T20:32Z,11339,1028,No
M4.3,2011-11-02T21:52Z,2011-11-02T22:01Z,2011-11-02T22:19Z,11339,1028,No
M3.7,2011-11-05T03:08Z,2011-11-05T03:35Z,2011-11-05T03:58Z,11339,1028,No
M2.5,2011-11-03T10:58Z,2011-11-03T11:11Z,2011-11-03T11:20Z,11339,1028,No
M2.1,2011-11-03T23:28Z,2011-11-03T23:36Z,2011-11-03T23:44Z,11339,1028,No
M1.8,2011-11-05T20:31Z,2011-11-05T20:38Z,2011-11-05T20:54Z,11339,1028,No
M1.4,2011-11-06T06:14Z,2011-11-06T06:35Z,2011-11-06T06:41Z,11339,1028,No
M1.2,2011-11-06T00:46Z,2011-11-06T01:03Z,2011-11-06T01:24Z,11339,1028,No
M1.2,2011-11-15T09:03Z,2011-11-15T09:12Z,2011-11-15T09:23Z,11348,1028,No
M1.1,2011-11-05T11:10Z,2011-11-05T11:21Z,2011-11-05T11:42Z,11339,1028,No
M1.1,2011-11-15T22:27Z,2011-11-15T22:35Z,2011-11-15T22:42Z,11348,1028,No
M1.0,2011-11-04T20:31Z,2011-11-04T20:40Z,2011-11-04T20:46Z,11339,1028,No
M1.1,2011-11-09T13:04Z,2011-11-09T13:35Z,2011-11-09T14:12Z,11342,1041,No
M1.9,2011-11-15T12:30Z,2011-11-15T12:43Z,2011-11-15T12:50Z,11346,1066,No
M4.0,2011-12-25T18:11Z,2011-12-25T18:16Z,2011-12-25T18:20Z,11387,1209,No
M2.3,2011-12-26T20:12Z,2011-12-26T20:30Z,2011-12-26T20:36Z,11387,1209,No
M1.5,2011-12-26T02:13Z,2011-12-26T02:27Z,2011-12-26T02:36Z,11387,1209,No
M2.4,2011-12-31T13:09Z,2011-12-31T13:15Z,2011-12-31T13:19Z,11389,1256,No
M2.0,2011-12-29T21:43Z,2011-12-29T21:51Z,2011-12-29T21:59Z,11389,1256,No
M1.9,2011-12-29T13:40Z,2011-12-29T13:50Z,2011-12-29T14:01Z,11389,1256,No
M1.5,2011-12-31T16:16Z,2011-12-31T16:26Z,2011-12-31T16:34Z,11389,1256,No
M1.2,2011-12-30T03:03Z,2011-12-30T03:09Z,2011-12-30T03:13Z,11389,1256,No
X1.8,2012-01-27T17:37Z,2012-01-27T18:37Z,2012-01-27T18:56Z,11402,1321,2012-01-27T16:39:00-CME-001
M8.7,2012-01-23T03:38Z,2012-01-23T03:59Z,2012-01-23T04:34Z,11402,1321,2012-01-23T04:00:00-CME-001
M3.2,2012-01-19T13:44Z,2012-01-19T16:05Z,2012-01-19T17:50Z,11402,1321,No
M1.7,2012-01-18T19:04Z,2012-01-18T19:12Z,2012-01-18T19:27Z,11401,1321,No
M1.4,2012-01-14T13:14Z,2012-01-14T13:18Z,2012-01-14T13:20Z,11401,1321,No
M1.0,2012-01-17T04:41Z,2012-01-17T04:53Z,2012-01-17T05:07Z,11401,1321,No
M1.0,2012-02-06T19:31Z,2012-02-06T20:00Z,2012-02-06T20:17Z,11410,1350,No
X5.4,2012-03-07T00:02Z,2012-03-07T00:24Z,2012-03-07T00:40Z,11429,1449,2012-03-07T00:36:00-CME-001
X1.3,2012-03-07T01:05Z,2012-03-07T01:14Z,2012-03-07T01:23Z,11430,1449,2012-03-07T01:25:00-CME-001
X1.1,2012-03-05T02:30Z,2012-03-05T04:09Z,2012-03-05T04:43Z,11429,1449,2012-03-05T04:00:00-CME-001
M8.4,2012-03-10T17:15Z,2012-03-10T17:44Z,2012-03-10T18:30Z,11429,1449,2012-03-10T18:09:00-CME-001
M7.9,2012-03-13T17:12Z,2012-03-13T17:41Z,2012-03-13T18:25Z,11429,1449,2012-03-13T17:52:00-CME-001
M6.3,2012-03-09T03:22Z,2012-03-09T03:53Z,2012-03-09T04:18Z,11429,1449,2012-03-09T04:25:00-CME-001
M3.3,2012-03-02T17:29Z,2012-03-02T17:46Z,2012-03-02T18:07Z,11429,1449,No
M2.1,2012-03-05T19:10Z,2012-03-05T19:16Z,2012-03-05T19:21Z,11429,1449,No
M2.1,2012-03-06T12:23Z,2012-03-06T12:41Z,2012-03-06T12:54Z,11429,1449,No
M2.0,2012-03-04T10:29Z,2012-03-04T10:52Z,2012-03-04T12:16Z,11429,1449,No
M1.8,2012-03-05T19:27Z,2012-03-05T19:30Z,2012-03-05T19:32Z,11429,1449,No
M1.3,2012-03-05T22:26Z,2012-03-05T22:34Z,2012-03-05T22:42Z,11429,1449,No
M1.3,2012-03-06T00:22Z,2012-03-06T00:28Z,2012-03-06T00:31Z,11429,1449,No
M1.2,2012-03-06T01:36Z,2012-03-06T01:44Z,2012-03-06T01:50Z,11429,1449,No
M1.0,2012-03-06T04:01Z,2012-03-06T04:05Z,2012-03-06T04:08Z,11429,1449,No
M1.0,2012-03-06T07:52Z,2012-03-06T07:55Z,2012-03-06T08:00Z,11429,1449,No
M1.0,2012-03-06T22:49Z,2012-03-06T22:53Z,2012-03-06T23:11Z,11429,1449,No
M2.8,2012-03-14T15:08Z,2012-03-14T15:21Z,2012-03-14T15:36Z,11432,1461,No
M1.8,2012-03-15T07:23Z,2012-03-15T07:52Z,2012-03-15T08:08Z,11432,1461,No
M1.3,2012-03-17T20:32Z,2012-03-17T20:39Z,2012-03-17T20:42Z,11434,1464,No
M1.0,2012-03-23T19:34Z,2012-03-23T19:40Z,2012-03-23T19:44Z,11445,1500,No
M1.7,2012-04-16T17:24Z,2012-04-16T17:45Z,2012-04-16T18:00Z,11461,1582,No
M1.0,2012-04-27T08:15Z,2012-04-27T08:24Z,2012-04-27T08:29Z,11466,1603,No
M1.9,2012-05-07T14:03Z,2012-05-07T14:31Z,2012-05-07T14:52Z,11471,1621,No
M5.7,2012-05-10T04:11Z,2012-05-10T04:18Z,2012-05-10T04:23Z,11476,1638,No
M5.1,2012-05-17T01:25Z,2012-05-17T01:47Z,2012-05-17T02:14Z,11476,1638,2012-05-17T01:48:00-CME-001
M4.7,2012-05-09T12:21Z,2012-05-09T12:32Z,2012-05-09T12:36Z,11476,1638,No
M4.1,2012-05-09T21:01Z,2012-05-09T21:05Z,2012-05-09T21:09Z,11476,1638,No
M1.8,2012-05-09T14:02Z,2012-05-09T14:08Z,2012-05-09T14:14Z,11476,1638,No
M1.7,2012-05-10T20:20Z,2012-05-10T20:26Z,2012-05-10T20:30Z,11476,1638,No
M1.4,2012-05-05T13:19Z,2012-05-05T13:23Z,2012-05-05T13:29Z,11476,1638,No
M1.4,2012-05-08T13:02Z,2012-05-08T13:08Z,2012-05-08T13:12Z,11476,1638,No
M1.3,2012-05-05T22:56Z,2012-05-05T23:01Z,2012-05-05T23:04Z,11476,1638,No
M1.3,2012-05-06T17:41Z,2012-05-06T17:47Z,2012-05-06T17:52Z,11476,1638,No
M1.1,2012-05-06T01:12Z,2012-05-06T01:18Z,2012-05-06T01:20Z,11476,1638,No
M3.3,2012-06-03T17:48Z,2012-06-03T17:55Z,2012-06-03T17:57Z,11496,1722,No
M2.1,2012-06-06T19:54Z,2012-06-06T20:06Z,2012-06-06T20:13Z,11494,1724,No
M1.9,2012-06-14T12:52Z,2012-06-14T14:35Z,2012-06-14T15:56Z,11504,1750,2012-06-14T14:09:00-CME-001
M1.9,2012-06-09T11:20Z,2012-06-09T11:32Z,2012-06-09T11:35Z,11504,1750,No
M1.8,2012-06-09T16:45Z,2012-06-09T16:53Z,2012-06-09T16:56Z,11504,1750,No
M1.3,2012-06-10T06:39Z,2012-06-10T06:45Z,2012-06-10T06:50Z,11504,1750,No
M1.2,2012-06-13T11:29Z,2012-06-13T13:17Z,2012-06-13T14:31Z,11504,1750,2012-06-13T14:00:00-CME-001
M2.8,2012-07-01T19:11Z,2012-07-01T19:18Z,2012-07-01T19:21Z,11513,1806,No
M2.4,2012-06-28T16:07Z,2012-06-28T16:12Z,2012-06-28T16:15Z,11513,1806,No
M2.2,2012-06-29T09:13Z,2012-06-29T09:20Z,2012-06-29T09:22Z,11513,1806,No
M1.8,2012-07-04T16:33Z,2012-07-04T16:39Z,2012-07-04T16:48Z,11513,1806,No
M1.6,2012-06-30T18:26Z,2012-06-30T18:32Z,2012-06-30T18:34Z,11513,1806,No
M1.1,2012-07-02T00:26Z,2012-07-02T00:35Z,2012-07-02T00:40Z,11513,1806,No
M1.0,2012-06-30T12:48Z,2012-06-30T12:52Z,2012-06-30T12:54Z,11513,1806,No
X1.1,2012-07-06T23:01Z,2012-07-06T23:08Z,2012-07-06T23:14Z,11515,1807,2012-07-06T23:12:00-CME-001
M6.9,2012-07-08T16:23Z,2012-07-08T16:32Z,2012-07-08T16:42Z,11515,1807,No
M6.1,2012-07-05T11:39Z,2012-07-05T11:44Z,2012-07-05T11:49Z,11515,1807,No
M5.6,2012-07-02T10:43Z,2012-07-02T10:52Z,2012-07-02T10:57Z,11515,1807,No
M5.3,2012-07-04T09:47Z,2012-07-04T09:55Z,2012-07-04T09:57Z,11515,1807,No
M4.7,2012-07-05T03:25Z,2012-07-05T03:36Z,2012-07-05T03:39Z,11515,1807,No
M4.6,2012-07-04T22:03Z,2012-07-04T22:09Z,2012-07-04T22:15Z,11515,1807,No
M3.8,2012-07-02T19:59Z,2012-07-02T20:07Z,2012-07-02T20:13Z,11515,1807,No
M2.9,2012-07-06T01:37Z,2012-07-06T01:40Z,2012-07-06T01:42Z,11515,1807,No
M2.6,2012-07-07T10:57Z,2012-07-07T11:03Z,2012-07-07T11:07Z,11515,1807,No
M2.4,2012-07-05T01:05Z,2012-07-05T01:10Z,2012-07-05T01:15Z,11515,1807,No
M2.3,2012-07-04T04:28Z,2012-07-04T04:37Z,2012-07-04T04:45Z,11515,1807,No
M2.3,2012-07-04T12:07Z,2012-07-04T12:24Z,2012-07-04T12:32Z,11515,1807,No
M2.2,2012-07-05T02:35Z,2012-07-05T02:42Z,2012-07-05T02:47Z,11515,1807,No
M2.0,2012-07-02T23:49Z,2012-07-02T23:56Z,2012-07-03T00:03Z,11515,1807,No
M1.8,2012-07-05T10:44Z,2012-07-05T10:48Z,2012-07-05T10:50Z,11515,1807,No
M1.8,2012-07-06T10:24Z,2012-07-06T10:29Z,2012-07-06T10:32Z,11515,1807,No
M1.6,2012-07-05T20:09Z,2012-07-05T20:14Z,2012-07-05T20:28Z,11515,1807,No
M1.6,2012-07-05T21:37Z,2012-07-05T21:45Z,2012-07-05T21:51Z,11515,1807,No
M1.5,2012-07-06T08:17Z,2012-07-06T08:23Z,2012-07-06T08:27Z,11515,1807,No
M1.4,2012-07-08T12:06Z,2012-07-08T12:10Z,2012-07-08T12:13Z,11515,1807,No
M1.3,2012-07-04T14:35Z,2012-07-04T14:40Z,2012-07-04T14:42Z,11515,1807,No
M1.3,2012-07-06T18:48Z,2012-07-06T18:55Z,2012-07-06T19:05Z,11515,1807,No
M1.3,2012-07-08T05:41Z,2012-07-08T05:46Z,2012-07-08T05:52Z,11515,1807,No
M1.2,2012-07-04T23:47Z,2012-07-04T23:55Z,2012-07-05T00:02Z,11515,1807,No
M1.2,2012-07-05T13:05Z,2012-07-05T13:18Z,2012-07-05T13:32Z,11515,1807,No
M1.2,2012-07-06T13:26Z,2012-07-06T13:30Z,2012-07-06T13:32Z,11515,1807,No
M1.2,2012-07-07T03:10Z,2012-07-07T03:15Z,2012-07-07T03:23Z,11515,1807,No
M1.1,2012-07-05T06:49Z,2012-07-05T06:58Z,2012-07-05T07:05Z,11515,1807,No
M1.1,2012-07-08T09:44Z,2012-07-08T09:53Z,2012-07-08T09:57Z,11515,1807,No
M1.0,2012-07-06T02:44Z,2012-07-06T02:51Z,2012-07-06T02:58Z,11515,1807,No
X1.4,2012-07-12T15:37Z,2012-07-12T16:49Z,2012-07-12T17:30Z,11520,1834,2012-07-12T16:54:00-CME-001
M7.7,2012-07-19T04:17Z,2012-07-19T05:58Z,2012-07-19T06:56Z,11520,1834,2012-07-19T05:36:00-CME-001
M2.0,2012-07-10T06:05Z,2012-07-10T06:27Z,2012-07-10T06:47Z,11520,1834,No
M1.8,2012-07-17T12:03Z,2012-07-17T17:15Z,2012-07-17T19:04Z,11520,1834,2012-07-17T14:24:00-CME-001
M1.7,2012-07-10T04:58Z,2012-07-10T05:14Z,2012-07-10T05:31Z,11520,1834,No
M1.3,2012-07-05T07:40Z,2012-07-05T07:45Z,2012-07-05T07:48Z,11519,1834,No
M1.1,2012-07-09T23:03Z,2012-07-09T23:07Z,2012-07-09T23:11Z,11520,1834,No
M1.0,2012-07-07T08:18Z,2012-07-07T08:28Z,2012-07-07T08:39Z,11520,1834,No
M1.0,2012-07-14T04:51Z,2012-07-14T04:58Z,2012-07-14T05:05Z,11521,1834,No
M6.1,2012-07-28T20:44Z,2012-07-28T20:56Z,2012-07-28T21:04Z,11532,1879,No
M2.7,2012-07-27T17:17Z,2012-07-27T17:26Z,2012-07-27T17:32Z,11532,1879,No
M2.3,2012-07-29T06:15Z,2012-07-29T06:22Z,2012-07-29T06:29Z,11532,1879,No
M1.1,2012-07-30T15:39Z,2012-07-30T15:48Z,2012-07-30T15:53Z,11536,1879,No
M1.0,2012-08-11T11:55Z,2012-08-11T12:20Z,2012-08-11T12:57Z,11540,1907,No
M1.6,2012-08-06T04:33Z,2012-08-06T04:38Z,2012-08-06T04:41Z,11542,1930,No
M5.5,2012-08-18T00:24Z,2012-08-18T01:02Z,2012-08-18T01:07Z,11548,1946,No
M2.4,2012-08-17T13:12Z,2012-08-17T13:19Z,2012-08-17T13:23Z,11548,1946,No
M2.0,2012-08-18T16:02Z,2012-08-18T16:07Z,2012-08-18T16:09Z,11548,1946,No
M1.8,2012-08-18T03:17Z,2012-08-18T03:23Z,2012-08-18T03:30Z,11548,1946,No
M1.3,2012-08-18T23:15Z,2012-08-18T23:22Z,2012-08-18T23:32Z,11548,1946,No
M1.0,2012-08-17T17:08Z,2012-08-17T17:20Z,2012-08-17T17:27Z,11548,1946,No
M1.0,2012-08-18T22:46Z,2012-08-18T22:54Z,2012-08-18T23:00Z,11548,1946,No
M1.6,2012-09-06T04:06Z,2012-09-06T04:13Z,2012-09-06T04:20Z,11560,1993,No
M1.3,2012-08-30T12:02Z,2012-08-30T12:11Z,2012-08-30T12:14Z,11563,1996,No
M1.4,2012-09-08T17:35Z,2012-09-08T17:59Z,2012-09-08T18:20Z,11564,1999,No
M1.2,2012-09-09T21:50Z,2012-09-09T22:36Z,2012-09-09T22:56Z,11564,1999,No
M1.3,2012-09-30T04:27Z,2012-09-30T04:33Z,2012-09-30T04:42Z,11583,2040,No
X1.8,2012-10-23T03:13Z,2012-10-23T03:17Z,2012-10-23T03:21Z,11598,2137,No
M9.1,2012-10-20T18:05Z,2012-10-20T18:14Z,2012-10-20T18:19Z,11598,2137,No
M5.0,2012-10-22T18:38Z,2012-10-22T18:51Z,2012-10-22T19:01Z,11598,2137,No
M1.3,2012-10-21T19:46Z,2012-10-21T20:03Z,2012-10-21T20:20Z,11598,2137,No
M1.7,2012-11-08T02:08Z,2012-11-08T02:23Z,2012-11-08T02:55Z,11611,2186,2012-11-08T11:09:00-CME-001
M6.0,2012-11-13T01:58Z,2012-11-13T02:04Z,2012-11-13T02:06Z,11613,2191,No
M2.8,2012-11-13T20:50Z,2012-11-13T20:54Z,2012-11-13T20:57Z,11613,2191,No
M2.5,2012-11-13T05:42Z,2012-11-13T05:50Z,2012-11-13T05:54Z,11613,2191,No
M2.0,2012-11-12T23:13Z,2012-11-12T23:28Z,2012-11-12T23:33Z,11613,2191,No
M1.1,2012-11-14T03:59Z,2012-11-14T04:04Z,2012-11-14T04:07Z,11613,2191,No
M1.0,2012-11-11T02:11Z,2012-11-11T02:33Z,2012-11-11T02:52Z,11614,2193,No
M3.5,2012-11-21T15:10Z,2012-11-21T15:30Z,2012-11-21T15:38Z,11618,2220,2012-11-21T16:24:00-CME-001
M1.6,2012-11-20T19:21Z,2012-11-20T19:28Z,2012-11-20T19:32Z,11618,2220,No
M1.6,2012-11-27T15:52Z,2012-11-27T15:57Z,2012-11-27T16:03Z,11618,2220,No
M1.4,2012-11-21T06:45Z,2012-11-21T06:56Z,2012-11-21T07:08Z,11618,2220,No
M2.2,2012-11-28T21:20Z,2012-11-28T21:36Z,2012-11-28T21:48Z,11620,2227,No
M1.0,2012-11-27T21:05Z,2012-11-27T21:26Z,2012-11-27T21:30Z,11620,2227,No
M1.7,2013-01-05T09:26Z,2013-01-05T09:31Z,2013-01-05T09:34Z,11652,2362,No
M1.7,2013-01-13T08:35Z,2013-01-13T08:38Z,2013-01-13T08:40Z,11652,2362,No
M1.0,2013-01-13T00:45Z,2013-01-13T00:50Z,2013-01-13T00:52Z,11652,2362,No
M1.2,2013-01-11T08:43Z,2013-01-11T09:11Z,2013-01-11T09:17Z,11654,2372,No
M1.0,2013-01-11T14:51Z,2013-01-11T15:07Z,2013-01-11T15:24Z,11654,2372,No
M1.9,2013-02-17T15:45Z,2013-02-17T15:50Z,2013-02-17T15:52Z,11675,2491,No
M1.2,2013-03-05T07:47Z,2013-03-05T07:54Z,2013-03-05T07:59Z,11686,2519,No
M1.6,2013-03-21T21:42Z,2013-03-21T22:04Z,2013-03-21T22:36Z,11692,2546,No
M1.2,2013-03-15T05:46Z,2013-03-15T06:58Z,2013-03-15T08:35Z,11692,2546,2013-03-15T06:54:00-CME-001
M6.5,2013-04-11T06:55Z,2013-04-11T07:16Z,2013-04-11T07:29Z,11719,2635,2013-04-11T07:36:00-CME-001
M2.2,2013-04-05T17:34Z,2013-04-05T17:48Z,2013-04-05T18:04Z,11719,2635,No
M3.3,2013-04-12T19:52Z,2013-04-12T20:38Z,2013-04-12T20:46Z,11718,2636,No
M1.0,2013-04-22T10:22Z,2013-04-22T10:29Z,2013-04-22T10:31Z,11726,2673,No
M1.3,2013-05-03T16:39Z,2013-05-03T16:55Z,2013-05-03T17:22Z,11731,2693,No
M1.1,2013-05-02T04:58Z,2013-05-02T05:10Z,2013-05-02T05:19Z,11731,2693,No
M5.7,2013-05-03T17:24Z,2013-05-03T17:32Z,2013-05-03T17:41Z,11739,2716,No
M1.4,2013-05-05T17:42Z,2013-05-05T17:56Z,2013-05-05T17:58Z,11739,2716,No
M5.0,2013-05-22T13:08Z,2013-05-22T13:32Z,2013-05-22T14:08Z,11745,2739,2013-05-22T13:24:00-CME-001
M3.9,2013-05-10T00:44Z,2013-05-10T00:57Z,2013-05-10T01:08Z,11745,2739,No
M1.3,2013-05-10T12:37Z,2013-05-10T12:56Z,2013-05-10T13:04Z,11745,2739,No
X3.2,2013-05-14T00:00Z,2013-05-14T01:11Z,2013-05-14T01:20Z,11748,2748,2013-05-14T01:30:00-CME-001
X2.8,2013-05-13T15:48Z,2013-05-13T16:05Z,2013-05-13T16:16Z,11748,2748,2013-05-13T16:18:00-CME-001
X1.6,2013-05-13T01:53Z,2013-05-13T02:17Z,2013-05-13T02:32Z,11748,2748,2013-05-13T02:54:00-CME-001
X1.2,2013-05-15T01:25Z,2013-05-15T01:48Z,2013-05-15T01:58Z,11748,2748,2013-05-15T02:18:00-CME-001
M3.2,2013-05-17T08:43Z,2013-05-17T08:57Z,2013-05-17T09:19Z,11748,2748,No
M1.9,2013-05-12T20:17Z,2013-05-12T20:32Z,2013-05-12T21:03Z,11748,2748,No
M1.3,2013-05-13T11:57Z,2013-05-13T12:03Z,2013-05-13T12:09Z,11748,2748,No
M1.3,2013-05-16T21:36Z,2013-05-16T21:53Z,2013-05-16T22:03Z,11748,2748,No
M1.2,2013-05-12T22:37Z,2013-05-12T22:44Z,2013-05-12T22:52Z,11748,2748,No
M1.7,2013-05-20T05:16Z,2013-05-20T05:25Z,2013-05-20T06:03Z,11755,2760,No
M5.9,2013-06-07T22:11Z,2013-06-07T22:49Z,2013-06-07T23:04Z,11762,2790,No
M1.3,2013-06-05T08:14Z,2013-06-05T08:57Z,2013-06-05T09:26Z,11762,2790,No
M1.0,2013-05-31T19:52Z,2013-05-31T20:00Z,2013-05-31T20:06Z,11760,2809,No
M2.9,2013-06-21T02:30Z,2013-06-21T03:14Z,2013-06-21T03:43Z,11777,2878,No
M2.9,2013-06-23T20:48Z,2013-06-23T20:56Z,2013-06-23T20:59Z,11778,2887,No
M1.5,2013-07-03T07:00Z,2013-07-03T07:08Z,2013-07-03T07:18Z,11787,2920,No
M1.5,2013-08-12T10:21Z,2013-08-12T10:41Z,2013-08-12T10:47Z,11817,3048,No
M3.3,2013-08-17T18:16Z,2013-08-17T18:24Z,2013-08-17T18:35Z,11818,3056,No
M1.4,2013-08-17T18:49Z,2013-08-17T19:33Z,2013-08-17T19:54Z,11818,3056,No
M1.2,2013-10-17T15:09Z,2013-10-17T15:41Z,2013-10-17T15:58Z,11861,3258,No
M2.8,2013-10-09T01:23Z,2013-10-09T01:48Z,2013-10-09T01:56Z,11865,3263,No
M1.8,2013-10-15T08:26Z,2013-10-15T08:38Z,2013-10-15T08:48Z,11865,3263,No
M1.7,2013-10-13T00:12Z,2013-10-13T00:43Z,2013-10-13T01:05Z,11865,3263,No
M1.3,2013-10-15T23:31Z,2013-10-15T23:36Z,2013-10-15T23:41Z,11865,3263,No
X2.3,2013-10-29T21:42Z,2013-10-29T21:54Z,2013-10-29T22:01Z,11875,3291,2013-10-29T22:12:00-CME-001
X1.0,2013-10-28T01:41Z,2013-10-28T02:03Z,2013-10-28T02:12Z,11875,3291,2013-10-28T02:12:00-CME-001
M5.1,2013-10-28T04:32Z,2013-10-28T04:41Z,2013-10-28T04:46Z,11875,3291,2013-10-28T04:48:00-CME-001
M4.3,2013-10-22T21:15Z,2013-10-22T21:20Z,2013-10-22T21:22Z,11875,3291,2013-10-22T22:00:00-CME-001
M3.5,2013-10-24T10:30Z,2013-10-24T10:33Z,2013-10-24T10:37Z,11875,3291,No
M3.5,2013-10-27T12:36Z,2013-10-27T12:48Z,2013-10-27T12:52Z,11875,3291,No
M3.1,2013-10-23T23:58Z,2013-10-24T00:08Z,2013-10-24T00:16Z,11875,3291,No
M2.8,2013-10-28T14:00Z,2013-10-28T14:05Z,2013-10-28T14:12Z,11875,3291,No
M2.7,2013-10-23T20:41Z,2013-10-23T20:53Z,2013-10-23T20:59Z,11875,3291,No
M2.5,2013-10-24T09:59Z,2013-10-24T10:09Z,2013-10-24T10:17Z,11875,3291,No
M1.5,2013-10-28T20:48Z,2013-10-28T20:57Z,2013-10-28T21:02Z,11875,3291,No
M1.4,2013-10-23T23:33Z,2013-10-23T23:43Z,2013-10-23T23:47Z,11875,3291,No
M1.0,2013-10-22T00:14Z,2013-10-22T00:22Z,2013-10-22T00:28Z,11875,3291,No
M1.0,2013-10-22T14:49Z,2013-10-22T15:20Z,2013-10-22T15:28Z,11875,3291,No
M9.3,2013-10-24T00:21Z,2013-10-24T00:30Z,2013-10-24T00:35Z,11877,3295,2013-10-24T01:48:00-CME-001
M1.9,2013-10-31T13:36Z,2013-10-31T13:51Z,2013-10-31T14:02Z,11877,3295,No
M1.4,2013-10-28T11:32Z,2013-10-28T11:53Z,2013-10-28T12:39Z,11877,3295,No
X2.1,2013-10-25T14:51Z,2013-10-25T15:03Z,2013-10-25T15:12Z,11882,3311,2013-10-25T15:12:00-CME-001
X1.7,2013-10-25T07:53Z,2013-10-25T08:01Z,2013-10-25T08:09Z,11882,3311,2013-10-25T08:24:00-CME-001
M4.4,2013-10-28T15:07Z,2013-10-28T15:15Z,2013-10-28T15:21Z,11882,3311,No
M2.9,2013-10-25T02:48Z,2013-10-25T03:02Z,2013-10-25T03:12Z,11882,3311,No
M2.7,2013-10-28T14:46Z,2013-10-28T15:01Z,2013-10-28T15:04Z,11882,3311,No
M2.3,2013-10-25T19:05Z,2013-10-25T19:21Z,2013-10-25T19:24Z,11882,3311,No
M2.3,2013-10-26T05:59Z,2013-10-26T06:06Z,2013-10-26T06:20Z,11882,3311,No
M1.9,2013-10-25T20:54Z,2013-10-25T20:58Z,2013-10-25T21:13Z,11882,3311,No
M1.8,2013-10-26T10:48Z,2013-10-26T11:17Z,2013-10-26T11:34Z,11882,3311,No
M1.5,2013-10-26T09:17Z,2013-10-26T09:37Z,2013-10-26T09:48Z,11882,3311,No
M1.3,2013-10-25T17:02Z,2013-10-25T17:09Z,2013-10-25T17:16Z,11882,3311,No
M1.0,2013-10-25T09:43Z,2013-10-25T10:12Z,2013-10-25T10:25Z,11882,3311,No
M1.0,2013-10-26T19:49Z,2013-10-26T19:53Z,2013-10-26T19:58Z,11882,3311,No
M6.3,2013-11-01T19:46Z,2013-11-01T19:53Z,2013-11-01T19:58Z,11884,3321,No
M5.0,2013-11-03T05:16Z,2013-11-03T05:22Z,2013-11-03T05:26Z,11884,3321,No
M3.1,2013-10-26T19:24Z,2013-10-26T19:27Z,2013-10-26T19:30Z,11884,3321,2013-10-26T20:09:00-CME-001
M1.6,2013-11-02T22:13Z,2013-11-02T22:21Z,2013-11-02T22:25Z,11884,3321,No
X3.3,2013-11-05T22:07Z,2013-11-05T22:12Z,2013-11-05T22:15Z,11890,3341,No
X1.1,2013-11-08T04:20Z,2013-11-08T04:26Z,2013-11-08T04:29Z,11890,3341,2013-11-08T06:09:00-CME-001
X1.1,2013-11-10T05:08Z,2013-11-10T05:14Z,2013-11-10T05:18Z,11890,3341,2013-11-10T05:39:00-CME-001
M3.8,2013-11-06T13:39Z,2013-11-06T13:46Z,2013-11-06T13:53Z,11890,3341,No
M2.5,2013-11-05T08:12Z,2013-11-05T08:18Z,2013-11-05T08:21Z,11890,3341,No
M2.4,2013-11-07T14:15Z,2013-11-07T14:25Z,2013-11-07T14:31Z,11890,3341,No
M2.3,2013-11-07T03:34Z,2013-11-07T03:40Z,2013-11-07T03:43Z,11890,3341,No
M1.0,2013-11-05T18:08Z,2013-11-05T18:13Z,2013-11-05T18:17Z,11890,3341,No
M2.3,2013-11-08T09:22Z,2013-11-08T09:28Z,2013-11-08T09:31Z,11891,3344,No
X1.0,2013-11-19T10:14Z,2013-11-19T10:26Z,2013-11-19T10:34Z,11893,3364,2013-11-19T10:39:00-CME-001
M1.6,2013-11-16T07:45Z,2013-11-16T07:49Z,2013-11-16T07:53Z,11900,3364,No
M1.2,2013-11-21T10:52Z,2013-11-21T11:11Z,2013-11-21T11:42Z,11893,3364,No
M1.2,2013-11-16T04:47Z,2013-11-16T04:53Z,2013-11-16T04:57Z,11900,3364,No
M1.0,2013-11-17T05:06Z,2013-11-17T05:10Z,2013-11-17T05:13Z,11900,3364,No
M2.4,2013-11-11T11:01Z,2013-11-11T11:18Z,2013-11-11T11:30Z,11897,3366,No
M1.4,2013-11-13T14:57Z,2013-11-13T15:20Z,2013-11-13T15:41Z,11897,3366,No
M1.1,2013-11-23T02:20Z,2013-11-23T02:32Z,2013-11-23T02:49Z,11904,3376,No
M1.0,2013-11-15T02:20Z,2013-11-15T02:29Z,2013-11-15T02:33Z,11899,3376,No
M1.0,2013-11-23T12:49Z,2013-11-23T12:57Z,2013-11-23T13:05Z,11904,3376,No
M1.2,2013-12-07T07:17Z,2013-12-07T07:29Z,2013-12-07T07:49Z,11909,3437,No
M3.3,2013-12-22T15:06Z,2013-12-22T15:12Z,2013-12-22T15:19Z,11928,3497,No
M1.9,2013-12-22T08:05Z,2013-12-22T08:11Z,2013-12-22T08:18Z,11928,3497,No
M1.6,2013-12-22T21:23Z,2013-12-22T22:08Z,2013-12-22T22:13Z,11928,3497,No
M1.6,2013-12-23T08:59Z,2013-12-23T09:06Z,2013-12-23T09:09Z,11928,3497,No
M1.3,2013-12-22T23:44Z,2013-12-23T00:03Z,2013-12-23T00:05Z,11928,3497,No
M1.1,2013-12-22T08:33Z,2013-12-22T08:37Z,2013-12-22T08:41Z,11928,3497,No
M3.5,2013-12-19T23:06Z,2013-12-19T23:19Z,2013-12-19T23:26Z,11934,3520,No
M1.6,2013-12-20T11:35Z,2013-12-20T11:57Z,2013-12-20T12:07Z,11934,3520,No
M1.6,2013-12-22T14:24Z,2013-12-22T14:38Z,2013-12-22T14:48Z,11934,3520,No
M9.9,2014-01-01T18:40Z,2014-01-01T18:52Z,2014-01-01T19:03Z,11936,3535,No
M6.4,2013-12-31T21:45Z,2013-12-31T21:58Z,2013-12-31T22:20Z,11936,3535,No
M3.1,2013-12-29T07:49Z,2013-12-29T07:56Z,2013-12-29T08:00Z,11936,3535,No
M1.9,2014-01-04T22:12Z,2014-01-04T22:52Z,2014-01-04T23:22Z,11936,3535,2014-01-05T00:54:00-CME-001
X1.2,2014-01-07T18:04Z,2014-01-07T18:32Z,2014-01-07T18:58Z,11944,3563,2014-01-07T18:24:00-CME-001
M7.2,2014-01-07T10:07Z,2014-01-07T10:13Z,2014-01-07T10:37Z,11944,3563,No
M1.7,2014-01-02T02:24Z,2014-01-02T02:33Z,2014-01-02T02:56Z,11944,3563,No
M1.3,2014-01-04T10:16Z,2014-01-04T10:25Z,2014-01-04T10:41Z,11944,3563,No
M1.3,2014-01-04T10:16Z,2014-01-04T10:25Z,2014-01-04T10:41Z,11944,3563,No
M1.3,2014-01-13T21:48Z,2014-01-13T21:51Z,2014-01-13T21:53Z,11944,3563,No
M1.2,2014-01-02T22:12Z,2014-01-02T22:18Z,2014-01-02T22:22Z,11944,3563,No
M1.1,2014-01-03T21:09Z,2014-01-03T21:14Z,2014-01-03T21:19Z,11944,3563,No
M1.0,2014-01-03T12:41Z,2014-01-03T12:50Z,2014-01-03T12:54Z,11944,3563,No
M1.0,2014-01-07T03:49Z,2014-01-07T03:53Z,2014-01-07T03:56Z,11946,3580,No
M3.6,2014-01-08T03:39Z,2014-01-08T03:47Z,2014-01-08T03:54Z,11947,3587,2014-01-08T04:12:00-CME-001
M6.6,2014-01-30T15:48Z,2014-01-30T16:11Z,2014-01-30T16:28Z,11967,3686,2014-01-30T16:24:00-CME-001
M5.2,2014-02-04T03:57Z,2014-02-04T04:00Z,2014-02-04T04:06Z,11967,3686,No
M4.9,2014-01-27T22:05Z,2014-01-27T22:10Z,2014-01-27T22:15Z,11967,3686,No
M4.9,2014-01-28T19:00Z,2014-01-28T19:40Z,2014-01-28T19:46Z,11967,3686,No
M4.4,2014-02-02T09:24Z,2014-02-02T09:31Z,2014-02-02T09:36Z,11967,3686,No
M3.6,2014-01-28T07:25Z,2014-01-28T07:31Z,2014-01-28T07:34Z,11967,3686,No
M3.1,2014-02-02T18:05Z,2014-02-02T18:11Z,2014-02-02T18:18Z,11967,3686,No
M3.0,2014-02-01T07:14Z,2014-02-01T07:23Z,2014-02-01T07:36Z,11967,3686,No
M2.6,2014-01-28T22:04Z,2014-01-28T22:16Z,2014-01-28T22:20Z,11967,3686,No
M2.2,2014-02-02T07:17Z,2014-02-02T08:20Z,2014-02-02T08:29Z,11967,3686,No
M2.1,2014-01-30T06:33Z,2014-01-30T06:39Z,2014-01-30T06:44Z,11967,3686,No
M2.0,2014-02-07T04:47Z,2014-02-07T04:56Z,2014-02-07T05:04Z,11967,3686,No
M1.5,2014-01-28T04:02Z,2014-01-28T04:09Z,2014-01-28T04:13Z,11967,3686,No
M1.5,2014-02-04T15:25Z,2014-02-04T16:02Z,2014-02-04T16:49Z,11967,3686,No
M1.5,2014-02-06T22:56Z,2014-02-06T23:05Z,2014-02-06T23:10Z,11967,3686,No
M1.4,2014-01-28T11:34Z,2014-01-28T11:38Z,2014-01-28T11:41Z,11967,3686,No
M1.4,2014-02-04T09:38Z,2014-02-04T09:49Z,2014-02-04T09:58Z,11967,3686,No
M1.3,2014-01-28T12:33Z,2014-01-28T12:46Z,2014-01-28T12:50Z,11967,3686,No
M1.3,2014-02-02T14:01Z,2014-02-02T14:06Z,2014-02-02T14:09Z,11967,3686,No
M1.3,2014-02-02T21:24Z,2014-02-02T22:04Z,2014-02-02T22:14Z,11967,3686,No
M1.3,2014-02-05T16:11Z,2014-02-05T16:20Z,2014-02-05T16:42Z,11967,3686,No
M1.1,2014-01-30T07:54Z,2014-01-30T08:11Z,2014-01-30T08:41Z,11967,3686,2014-01-30T08:36:00-CME-001
M1.0,2014-02-01T01:19Z,2014-02-01T01:25Z,2014-02-01T01:38Z,11967,3686,No
M3.8,2014-02-04T01:16Z,2014-02-04T01:23Z,2014-02-04T01:31Z,11968,3688,No
M2.6,2014-02-02T06:24Z,2014-02-02T06:34Z,2014-02-02T06:37Z,11968,3688,No
M1.9,2014-02-07T10:25Z,2014-02-07T10:29Z,2014-02-07T10:31Z,11968,3688,No
M1.1,2014-01-31T15:32Z,2014-01-31T15:42Z,2014-01-31T15:53Z,11968,3688,No
M3.7,2014-02-12T03:52Z,2014-02-12T04:25Z,2014-02-12T04:38Z,11974,3721,No
M2.3,2014-02-12T06:54Z,2014-02-12T06:58Z,2014-02-12T07:04Z,11974,3721,No
M2.3,2014-02-14T02:40Z,2014-02-14T02:57Z,2014-02-14T03:10Z,11974,3721,No
M2.1,2014-02-12T15:41Z,2014-02-12T15:51Z,2014-02-12T16:15Z,11974,3721,No
M1.8,2014-02-11T16:34Z,2014-02-11T16:51Z,2014-02-11T17:10Z,11974,3721,No
M1.7,2014-02-11T03:22Z,2014-02-11T03:31Z,2014-02-11T03:39Z,11974,3721,2014-02-11T05:24:00-CME-001
M1.7,2014-02-13T05:49Z,2014-02-13T06:07Z,2014-02-13T06:13Z,11974,3721,No
M1.6,2014-02-14T12:29Z,2014-02-14T12:40Z,2014-02-14T12:45Z,11974,3721,No
M1.1,2014-02-14T13:21Z,2014-02-14T13:28Z,2014-02-14T13:39Z,11974,3721,No
M1.0,2014-02-13T02:41Z,2014-02-13T02:51Z,2014-02-13T03:04Z,11974,3721,No
M1.0,2014-02-13T08:05Z,2014-02-13T08:12Z,2014-02-13T08:19Z,11974,3721,No
M1.0,2014-02-14T16:33Z,2014-02-14T16:39Z,2014-02-14T16:42Z,11974,3721,No
M3.0,2014-02-20T07:26Z,2014-02-20T07:56Z,2014-02-20T08:25Z,11976,3730,No
M1.1,2014-02-16T09:20Z,2014-02-16T09:26Z,2014-02-16T09:29Z,11977,3740,No
M1.1,2014-02-26T14:52Z,2014-02-26T15:01Z,2014-02-26T15:10Z,11982,3766,No
M1.1,2014-03-01T13:18Z,2014-03-01T13:33Z,2014-03-01T13:40Z,11982,3766,No
M1.1,2014-03-02T23:11Z,2014-03-02T23:19Z,2014-03-02T23:26Z,11986,3779,No
M1.2,2014-03-03T15:54Z,2014-03-03T15:58Z,2014-03-03T16:01Z,11989,3784,No
X4.9,2014-02-25T00:39Z,2014-02-25T00:49Z,2014-02-25T01:03Z,11990,3793,2014-02-25T01:25:00-CME-001
M1.3,2014-02-24T12:00Z,2014-02-24T12:05Z,2014-02-24T12:10Z,11990,3793,No
M1.2,2014-02-24T11:03Z,2014-02-24T11:17Z,2014-02-24T11:42Z,11990,3793,No
M1.7,2014-03-11T11:58Z,2014-03-11T12:07Z,2014-03-11T12:14Z,11991,3804,No
M1.1,2014-02-28T00:44Z,2014-02-28T00:48Z,2014-02-28T00:50Z,11991,3804,No
M1.0,2014-03-05T02:06Z,2014-03-05T02:10Z,2014-03-05T02:12Z,11991,3804,No
M9.3,2014-03-12T22:28Z,2014-03-12T22:34Z,2014-03-12T22:39Z,11996,3813,No
M3.5,2014-03-11T03:44Z,2014-03-11T03:50Z,2014-03-11T03:56Z,11996,3813,No
M2.5,2014-03-12T10:55Z,2014-03-12T11:05Z,2014-03-12T11:11Z,11996,3813,No
M1.4,2014-03-10T22:45Z,2014-03-10T23:00Z,2014-03-10T23:12Z,11996,3813,No
M1.2,2014-03-13T19:03Z,2014-03-13T19:19Z,2014-03-13T19:30Z,11996,3813,No
M1.7,2014-03-10T15:21Z,2014-03-10T15:28Z,2014-03-10T15:32Z,12002,3836,No
M1.4,2014-03-08T23:26Z,2014-03-08T23:41Z,2014-03-08T23:50Z,12002,3836,No
M1.1,2014-03-10T00:19Z,2014-03-10T00:26Z,2014-03-10T00:33Z,12002,3836,No
M1.0,2014-03-09T13:52Z,2014-03-09T13:58Z,2014-03-09T14:05Z,12002,3836,No
M1.0,2014-03-09T20:13Z,2014-03-09T20:28Z,2014-03-09T20:35Z,12002,3836,No
M1.0,2014-03-10T04:02Z,2014-03-10T04:08Z,2014-03-10T04:13Z,12002,3836,No
M1.7,2014-03-20T03:42Z,2014-03-20T03:56Z,2014-03-20T04:08Z,12010,3856,No
M1.1,2014-03-22T06:58Z,2014-03-22T07:02Z,2014-03-22T07:05Z,12011,3877,No
M1.4,2014-03-31T07:20Z,2014-03-31T08:07Z,2014-03-31T08:18Z,12014,3879,No
X1.0,2014-03-29T17:35Z,2014-03-29T17:48Z,2014-03-29T17:54Z,12017,3894,2014-03-29T18:39:00-CME-001
M2.6,2014-03-28T23:44Z,2014-03-28T23:51Z,2014-03-28T23:58Z,12017,3894,No
M2.1,2014-03-30T11:48Z,2014-03-30T11:55Z,2014-03-30T12:02Z,12017,3894,No
M2.0,2014-03-28T19:04Z,2014-03-28T19:18Z,2014-03-28T19:27Z,12017,3894,No
M6.5,2014-04-02T13:18Z,2014-04-02T14:05Z,2014-04-02T14:28Z,12027,3941,2014-04-02T13:55:00-CME-001
M7.3,2014-04-18T12:31Z,2014-04-18T13:03Z,2014-04-18T13:20Z,12036,3999,2014-04-18T13:09:00-CME-001
X1.3,2014-04-25T00:17Z,2014-04-25T00:27Z,2014-04-25T00:38Z,12035,4000,2014-04-25T00:48:00-CME-001
M1.0,2014-04-16T19:54Z,2014-04-16T19:59Z,2014-04-16T20:04Z,12035,4000,No
M1.8,2014-05-06T08:41Z,2014-05-06T09:03Z,2014-05-06T09:21Z,12051,4071,2014-05-06T09:12:00-CME-001
M1.0,2014-05-06T22:01Z,2014-05-06T22:09Z,2014-05-06T22:20Z,12051,4071,2014-05-06T22:17:00-CME-001
M5.2,2014-05-08T09:59Z,2014-05-08T10:07Z,2014-05-08T10:18Z,12056,4097,No
M1.2,2014-05-07T16:07Z,2014-05-07T16:29Z,2014-05-07T17:03Z,12055,4097,2014-05-07T16:39:00-CME-001
M1.3,2014-05-24T18:26Z,2014-05-24T18:35Z,2014-05-24T18:44Z,12065,4138,No
M1.3,2014-06-03T03:58Z,2014-06-03T04:09Z,2014-06-03T04:17Z,12077,4186,No
M3.1,2014-06-12T21:34Z,2014-06-12T22:16Z,2014-06-12T22:52Z,12085,4197,2014-06-12T22:12:00-CME-001
M1.8,2014-06-11T05:30Z,2014-06-11T05:34Z,2014-06-11T05:36Z,12080,4197,No
M1.8,2014-06-12T09:23Z,2014-06-12T09:37Z,2014-06-12T09:42Z,12085,4197,No
M1.4,2014-06-06T19:26Z,2014-06-06T19:31Z,2014-06-06T19:33Z,12080,4197,No
M1.1,2014-06-15T11:10Z,2014-06-15T11:39Z,2014-06-15T11:50Z,12085,4197,No
X2.2,2014-06-10T11:36Z,2014-06-10T11:42Z,2014-06-10T11:44Z,12087,4225,2014-06-10T12:24:00-CME-001
X1.5,2014-06-10T12:36Z,2014-06-10T12:52Z,2014-06-10T13:03Z,12087,4225,2014-06-10T13:09:00-CME-001
X1.0,2014-06-11T08:59Z,2014-06-11T09:06Z,2014-06-11T09:10Z,12087,4225,No
M3.9,2014-06-11T20:53Z,2014-06-11T21:03Z,2014-06-11T21:10Z,12087,4225,No
M3.0,2014-06-11T08:00Z,2014-06-11T08:09Z,2014-06-11T08:15Z,12087,4225,No
M2.7,2014-06-12T10:14Z,2014-06-12T10:21Z,2014-06-12T10:27Z,12087,4225,No
M2.6,2014-06-13T07:49Z,2014-06-13T07:56Z,2014-06-13T07:59Z,12087,4225,No
M2.0,2014-06-12T04:14Z,2014-06-12T04:21Z,2014-06-12T04:26Z,12087,4225,No
M1.3,2014-06-12T18:03Z,2014-06-12T18:13Z,2014-06-12T18:23Z,12087,4225,No
M1.0,2014-06-12T21:01Z,2014-06-12T21:13Z,2014-06-12T21:19Z,12087,4225,No
M1.0,2014-06-15T23:50Z,2014-06-16T00:01Z,2014-06-16T00:17Z,12087,4225,No
M1.1,2014-06-12T19:56Z,2014-06-12T20:03Z,2014-06-12T20:05Z,12089,4231,No
M1.5,2014-07-10T22:29Z,2014-07-10T22:34Z,2014-07-10T22:37Z,12106,4294,No
M1.4,2014-07-01T11:05Z,2014-07-01T11:23Z,2014-07-01T11:59Z,12106,4294,2014-07-01T12:39:00-CME-001
M6.5,2014-07-08T16:06Z,2014-07-08T16:20Z,2014-07-08T16:30Z,12113,4344,2014-07-08T16:54:00-CME-001
M1.2,2014-07-09T00:20Z,2014-07-09T00:26Z,2014-07-09T00:33Z,12113,4344,No
M2.5,2014-07-31T11:01Z,2014-07-31T11:14Z,2014-07-31T11:21Z,12130,4396,No
M2.0,2014-08-01T14:43Z,2014-08-01T14:48Z,2014-08-01T14:57Z,12130,4396,No
M1.5,2014-08-01T17:55Z,2014-08-01T18:13Z,2014-08-01T18:48Z,12127,4396,2014-08-01T18:54:00-CME-001
M1.4,2014-10-09T01:54Z,2014-10-09T01:58Z,2014-10-09T02:02Z,12182,4639,No
M1.3,2014-10-09T01:30Z,2014-10-09T01:43Z,2014-10-09T01:47Z,12182,4639,No
M1.2,2014-10-09T06:48Z,2014-10-09T06:59Z,2014-10-09T07:06Z,12182,4639,No
X3.1,2014-10-24T21:07Z,2014-10-24T21:41Z,2014-10-24T22:13Z,12192,4698,No
X2.0,2014-10-26T10:04Z,2014-10-26T10:56Z,2014-10-26T11:18Z,12192,4698,No
X2.0,2014-10-27T14:12Z,2014-10-27T14:47Z,2014-10-27T15:09Z,12192,4698,No
X1.6,2014-10-22T14:02Z,2014-10-22T14:28Z,2014-10-22T14:50Z,12192,4698,No
X1.1,2014-10-19T04:17Z,2014-10-19T05:03Z,2014-10-19T05:48Z,12192,4698,No
X1.0,2014-10-25T16:55Z,2014-10-25T17:08Z,2014-10-25T18:11Z,12192,4698,No
M8.7,2014-10-22T01:16Z,2014-10-22T01:59Z,2014-10-22T02:28Z,12192,4698,No
M7.1,2014-10-27T00:06Z,2014-10-27T00:34Z,2014-10-27T00:44Z,12192,4698,No
M6.7,2014-10-27T09:59Z,2014-10-27T10:09Z,2014-10-27T10:26Z,12192,4698,No
M6.6,2014-10-28T03:23Z,2014-10-28T03:32Z,2014-10-28T03:41Z,12192,4698,No
M4.5,2014-10-20T16:00Z,2014-10-20T16:37Z,2014-10-20T16:55Z,12192,4698,No
M4.3,2014-10-16T12:58Z,2014-10-16T13:03Z,2014-10-16T13:05Z,12192,4698,2014-10-16T13:26:00-CME-001
M4.2,2014-10-26T18:07Z,2014-10-26T18:15Z,2014-10-26T18:20Z,12192,4698,No
M4.0,2014-10-24T07:37Z,2014-10-24T07:48Z,2014-10-24T07:53Z,12192,4698,2014-10-24T08:12:00-CME-001
M3.9,2014-10-20T09:00Z,2014-10-20T09:11Z,2014-10-20T09:20Z,12192,4698,No
M3.5,2014-10-30T01:19Z,2014-10-30T01:35Z,2014-10-30T01:56Z,12192,4698,No
M3.4,2014-10-28T02:15Z,2014-10-28T02:42Z,2014-10-28T03:08Z,12192,4698,No
M2.7,2014-10-22T05:11Z,2014-10-22T05:17Z,2014-10-22T05:21Z,12192,4698,No
M2.4,2014-10-26T19:59Z,2014-10-26T20:21Z,2014-10-26T20:45Z,12192,4698,No
M2.3,2014-10-29T21:18Z,2014-10-29T21:22Z,2014-10-29T21:25Z,12192,4698,No
M1.9,2014-10-26T18:43Z,2014-10-26T18:49Z,2014-10-26T18:56Z,12192,4698,No
M1.7,2014-10-20T19:53Z,2014-10-20T20:04Z,2014-10-20T20:13Z,12192,4698,No
M1.6,2014-10-18T07:02Z,2014-10-18T07:58Z,2014-10-18T08:49Z,12192,4698,No
M1.6,2014-10-28T13:54Z,2014-10-28T14:06Z,2014-10-28T14:23Z,12192,4698,No
M1.4,2014-10-20T18:55Z,2014-10-20T19:02Z,2014-10-20T19:04Z,12192,4698,No
M1.4,2014-10-27T17:33Z,2014-10-27T17:40Z,2014-10-27T17:47Z,12192,4698,No
M1.4,2014-10-29T14:24Z,2014-10-29T14:33Z,2014-10-29T14:51Z,12192,4698,No
M1.3,2014-10-27T03:35Z,2014-10-27T03:41Z,2014-10-27T03:48Z,12192,4698,No
M1.3,2014-10-29T18:47Z,2014-10-29T18:50Z,2014-10-29T18:52Z,12192,4698,No
M1.3,2014-10-30T00:34Z,2014-10-30T00:37Z,2014-10-30T00:40Z,12192,4698,No
M1.2,2014-10-20T22:43Z,2014-10-20T22:55Z,2014-10-20T23:13Z,12192,4698,No
M1.2,2014-10-29T09:54Z,2014-10-29T10:01Z,2014-10-29T10:06Z,12192,4698,No
M1.2,2014-10-30T04:17Z,2014-10-30T04:28Z,2014-10-30T04:36Z,12192,4698,No
M1.1,2014-10-23T09:44Z,2014-10-23T09:50Z,2014-10-23T09:56Z,12192,4698,No
M1.0,2014-10-26T17:08Z,2014-10-26T17:17Z,2014-10-26T17:30Z,12192,4698,No
M1.0,2014-10-27T01:44Z,2014-10-27T02:02Z,2014-10-27T02:11Z,12192,4698,No
M1.0,2014-10-29T06:03Z,2014-10-29T08:20Z,2014-10-29T08:52Z,12192,4698,No
M1.0,2014-10-29T16:06Z,2014-10-29T16:20Z,2014-10-29T16:33Z,12192,4698,No
X1.6,2014-11-07T16:53Z,2014-11-07T17:26Z,2014-11-07T17:34Z,12205,4781,2014-11-07T18:08:00-CME-001
M7.9,2014-11-05T09:26Z,2014-11-05T09:47Z,2014-11-05T09:55Z,12205,4781,2014-11-05T10:12:00-CME-001
M6.5,2014-11-03T22:15Z,2014-11-03T22:40Z,2014-11-03T22:53Z,12205,4781,2014-11-03T23:12:00-CME-001
M5.4,2014-11-06T03:32Z,2014-11-06T03:46Z,2014-11-06T04:02Z,12205,4781,2014-11-06T04:00:00-CME-001
M3.2,2014-11-06T01:29Z,2014-11-06T01:39Z,2014-11-06T01:54Z,12205,4781,No
M2.9,2014-11-05T18:50Z,2014-11-05T19:44Z,2014-11-05T20:15Z,12205,4781,2014-11-05T20:00:00-CME-001
M2.7,2014-11-07T02:05Z,2014-11-07T02:49Z,2014-11-07T03:32Z,12205,4781,No
M2.6,2014-11-04T07:59Z,2014-11-04T08:38Z,2014-11-04T08:51Z,12205,4781,2014-11-04T09:12:00-CME-001
M2.5,2014-11-06T21:53Z,2014-11-06T22:16Z,2014-11-06T22:34Z,12205,4781,No
M2.3,2014-11-04T08:52Z,2014-11-04T09:04Z,2014-11-04T09:13Z,12205,4781,2014-11-04T09:12:00-CME-001
M2.3,2014-11-09T15:24Z,2014-11-09T15:32Z,2014-11-09T15:38Z,12205,4781,No
M2.2,2014-11-03T11:23Z,2014-11-03T11:53Z,2014-11-03T12:17Z,12205,4781,2014-11-03T12:12:00-CME-001
M2.0,2014-11-07T04:12Z,2014-11-07T04:25Z,2014-11-07T04:38Z,12205,4781,2014-11-07T04:17:00-CME-001
M1.0,2014-11-07T10:13Z,2014-11-07T10:22Z,2014-11-07T10:30Z,12205,4781,No
M5.7,2014-11-16T17:35Z,2014-11-16T17:48Z,2014-11-16T17:57Z,12209,4817,No
M3.7,2014-11-15T20:38Z,2014-11-15T20:46Z,2014-11-15T20:50Z,12209,4817,2014-11-15T21:12:00-CME-001
M3.2,2014-11-15T11:40Z,2014-11-15T12:03Z,2014-11-15T12:10Z,12209,4817,No
M6.1,2014-12-04T18:05Z,2014-12-04T18:25Z,2014-12-04T18:56Z,12222,4874,No
M1.8,2014-12-01T06:26Z,2014-12-01T06:41Z,2014-12-01T06:59Z,12222,4874,No
M1.5,2014-12-05T11:33Z,2014-12-05T12:25Z,2014-12-05T12:47Z,12222,4874,No
M1.3,2014-12-04T08:00Z,2014-12-04T08:10Z,2014-12-04T08:21Z,12222,4874,No
M1.3,2014-12-04T19:38Z,2014-12-04T19:41Z,2014-12-04T19:44Z,12222,4874,No
X1.8,2014-12-20T00:11Z,2014-12-20T00:28Z,2014-12-20T00:55Z,12242,4920,2014-12-20T01:25:00-CME-001
M8.7,2014-12-17T04:25Z,2014-12-17T04:51Z,2014-12-17T05:20Z,12242,4920,2014-12-17T05:00:00-CME-001
M1.6,2014-12-14T19:25Z,2014-12-14T19:33Z,2014-12-14T19:39Z,12242,4920,No
M1.5,2014-12-17T00:57Z,2014-12-17T01:10Z,2014-12-17T01:20Z,12242,4920,No
M1.3,2014-12-19T09:31Z,2014-12-19T09:44Z,2014-12-19T09:54Z,12242,4920,No
M1.2,2014-12-21T07:18Z,2014-12-21T07:32Z,2014-12-21T07:51Z,12242,4920,No
M1.0,2014-12-22T01:33Z,2014-12-22T01:49Z,2014-12-22T01:59Z,12242,4920,No
M6.9,2014-12-18T21:41Z,2014-12-18T21:58Z,2014-12-18T22:25Z,12241,4941,2014-12-19T00:27:00-CME-001
M1.5,2014-12-13T05:13Z,2014-12-13T05:20Z,2014-12-13T05:25Z,12241,4941,No
M1.4,2014-12-17T18:54Z,2014-12-17T19:01Z,2014-12-17T19:20Z,12241,4941,No
M1.1,2014-12-17T01:41Z,2014-12-17T01:50Z,2014-12-17T01:57Z,12241,4941,2014-12-17T02:00:00-CME-001
M1.0,2014-12-21T11:24Z,2014-12-21T12:17Z,2014-12-21T12:57Z,12241,4941,No
M2.2,2014-12-27T02:03Z,2014-12-27T02:16Z,2014-12-27T02:24Z,12249,4955,No
M1.3,2015-01-04T15:18Z,2015-01-04T15:36Z,2015-01-04T15:53Z,12253,5011,No
M1.1,2015-01-03T09:40Z,2015-01-03T09:47Z,2015-01-03T09:50Z,12253,5011,No
M5.6,2015-01-13T04:13Z,2015-01-13T04:24Z,2015-01-13T04:38Z,12257,5026,2015-01-13T05:24:00-CME-001
M4.9,2015-01-13T04:46Z,2015-01-13T04:58Z,2015-01-13T05:10Z,12257,5026,No
M2.2,2015-01-14T12:30Z,2015-01-14T12:58Z,2015-01-14T13:08Z,12257,5026,No
M2.1,2015-01-29T11:32Z,2015-01-29T11:42Z,2015-01-29T11:52Z,12268,5107,No
M2.0,2015-01-30T00:32Z,2015-01-30T00:44Z,2015-01-30T01:02Z,12268,5107,No
M1.7,2015-01-30T05:29Z,2015-01-30T05:36Z,2015-01-30T06:35Z,12268,5107,No
M1.4,2015-01-22T04:43Z,2015-01-22T04:52Z,2015-01-22T05:02Z,12268,5107,No
M1.4,2015-01-28T04:21Z,2015-01-28T04:41Z,2015-01-28T04:55Z,12268,5107,No
M1.1,2015-01-26T16:46Z,2015-01-26T16:53Z,2015-01-26T16:58Z,12268,5107,No
M2.4,2015-01-30T12:10Z,2015-01-30T12:16Z,2015-01-30T12:21Z,12277,5127,No
M1.2,2015-02-04T02:08Z,2015-02-04T02:15Z,2015-02-04T02:21Z,12277,5127,No
M1.0,2015-01-28T21:32Z,2015-01-28T21:37Z,2015-01-28T21:40Z,12277,5127,No
M2.4,2015-02-09T22:19Z,2015-02-09T23:35Z,2015-02-10T00:16Z,12280,5144,2015-02-09T23:24:00-CME-001
M2.4,2015-02-09T22:59Z,2015-02-09T23:35Z,2015-02-10T00:14Z,12282,5186,2015-02-09T23:24:00-CME-001
M8.2,2015-03-03T01:25Z,2015-03-03T01:35Z,2015-03-03T01:42Z,12290,5233,No
M4.1,2015-03-02T19:21Z,2015-03-02T19:31Z,2015-03-02T19:36Z,12290,5233,No
M3.7,2015-03-02T15:10Z,2015-03-02T15:28Z,2015-03-02T15:37Z,12290,5233,No
M1.1,2015-03-02T08:52Z,2015-03-02T09:48Z,2015-03-02T09:58Z,12290,5233,No
M1.1,2015-03-02T09:37Z,2015-03-02T09:48Z,2015-03-02T09:58Z,12290,5233,No
M1.0,2015-03-02T06:31Z,2015-03-02T06:39Z,2015-03-02T06:44Z,12290,5233,No
X2.2,2015-03-11T16:11Z,2015-03-11T16:22Z,2015-03-11T16:29Z,12297,5298,2015-03-11T18:00:00-CME-001
M9.2,2015-03-07T21:45Z,2015-03-07T22:22Z,2015-03-07T22:58Z,12297,5298,2015-03-07T22:24:00-CME-001
M5.8,2015-03-09T23:29Z,2015-03-09T23:53Z,2015-03-10T00:12Z,12297,5298,2015-03-10T00:00:00-CME-001
M5.1,2015-03-10T03:19Z,2015-03-10T03:24Z,2015-03-10T03:28Z,12297,5298,2015-03-10T03:36:00-CME-001
M4.5,2015-03-09T14:22Z,2015-03-09T14:33Z,2015-03-09T14:37Z,12297,5298,No
M4.2,2015-03-12T13:50Z,2015-03-12T14:08Z,2015-03-12T14:13Z,12297,5298,No
M3.2,2015-03-12T04:41Z,2015-03-12T04:46Z,2015-03-12T04:50Z,12297,5298,No
M3.0,2015-03-06T04:14Z,2015-03-06T04:57Z,2015-03-06T05:27Z,12297,5298,2015-03-06T04:49:00-CME-001
M2.9,2015-03-10T23:46Z,2015-03-11T00:02Z,2015-03-11T00:06Z,12297,5298,No
M2.7,2015-03-12T21:44Z,2015-03-12T21:51Z,2015-03-12T21:56Z,12297,5298,No
M2.6,2015-03-11T07:51Z,2015-03-11T07:57Z,2015-03-11T08:03Z,12297,5298,No
M1.8,2015-03-11T07:10Z,2015-03-11T07:18Z,2015-03-11T07:43Z,12297,5298,No
M1.8,2015-03-13T05:49Z,2015-03-13T06:07Z,2015-03-13T06:12Z,12297,5298,No
M1.6,2015-03-12T11:38Z,2015-03-12T11:50Z,2015-03-12T12:02Z,12297,5298,No
M1.6,2015-03-16T10:39Z,2015-03-16T10:58Z,2015-03-16T11:17Z,12297,5298,No
M1.5,2015-03-06T06:55Z,2015-03-06T08:15Z,2015-03-06T08:28Z,12297,5298,2015-03-06T07:12:00-CME-001
M1.4,2015-03-12T12:09Z,2015-03-12T12:14Z,2015-03-12T12:18Z,12297,5298,No
M1.3,2015-03-14T04:23Z,2015-03-14T04:40Z,2015-03-14T04:54Z,12297,5298,No
M1.2,2015-03-05T17:06Z,2015-03-05T18:11Z,2015-03-05T18:26Z,12297,5298,No
M1.2,2015-03-13T03:47Z,2015-03-13T04:01Z,2015-03-13T04:16Z,12297,5298,No
M1.2,2015-03-15T22:42Z,2015-03-15T23:22Z,2015-03-15T23:38Z,12297,5298,No
M1.0,2015-03-17T22:49Z,2015-03-17T23:34Z,2015-03-17T23:48Z,12297,5298,2015-03-18T00:12:00-CME-001
M1.0,2015-03-11T18:37Z,2015-03-11T18:51Z,2015-03-11T18:57Z,12297,5298,No
M1.0,2015-03-15T09:36Z,2015-03-15T09:40Z,2015-03-15T09:46Z,12297,5298,No
M1.4,2015-04-08T14:37Z,2015-04-08T14:43Z,2015-04-08T14:47Z,12320,5415,No
M4.0,2015-04-21T15:24Z,2015-04-21T15:45Z,2015-04-21T15:51Z,12322,5446,No
M2.2,2015-04-21T11:49Z,2015-04-21T11:57Z,2015-04-21T12:02Z,12322,5446,No
M2.1,2015-04-21T16:55Z,2015-04-21T17:00Z,2015-04-21T17:09Z,12322,5446,No
M1.8,2015-04-21T21:39Z,2015-04-21T21:45Z,2015-04-21T21:55Z,12322,5446,No
M1.1,2015-04-23T09:18Z,2015-04-23T10:07Z,2015-04-23T11:10Z,12322,5446,2015-04-23T09:36:00-CME-001
M1.1,2015-04-22T08:30Z,2015-04-22T08:44Z,2015-04-22T08:58Z,12322,5446,No
M1.0,2015-04-21T07:08Z,2015-04-21T07:21Z,2015-04-21T07:27Z,12322,5446,No
M1.2,2015-04-21T21:58Z,2015-04-21T22:01Z,2015-04-21T22:04Z,12325,5447,No
M1.1,2015-04-12T08:51Z,2015-04-12T09:50Z,2015-04-12T10:44Z,12321,5447,2015-04-12T10:00:00-CME-001
M2.6,2015-05-05T17:12Z,2015-05-05T17:24Z,2015-05-05T17:30Z,12335,5526,No
M1.3,2015-05-05T14:19Z,2015-05-05T14:25Z,2015-05-05T14:32Z,12335,5526,No
X2.7,2015-05-05T22:05Z,2015-05-05T22:11Z,2015-05-05T22:15Z,12339,5541,2015-05-05T22:24:00-CME-001
M1.9,2015-05-05T09:42Z,2015-05-05T09:47Z,2015-05-05T09:51Z,12339,5541,No
M1.9,2015-05-06T11:45Z,2015-05-06T11:49Z,2015-05-06T11:51Z,12339,5541,No
M1.2,2015-05-05T13:45Z,2015-05-05T13:53Z,2015-05-05T13:56Z,12339,5541,No
M2.0,2015-06-14T00:52Z,2015-06-14T00:59Z,2015-06-14T01:09Z,12360,5637,No
M1.3,2015-06-13T07:20Z,2015-06-13T07:29Z,2015-06-13T07:47Z,12360,5637,No
M1.2,2015-06-18T00:33Z,2015-06-18T01:27Z,2015-06-18T01:55Z,12365,5653,No
M3.8,2015-06-21T09:38Z,2015-06-21T09:44Z,2015-06-21T09:50Z,12367,5673,No
M1.1,2015-06-21T18:10Z,2015-06-21T18:20Z,2015-06-21T18:28Z,12367,5673,No
M1.0,2015-06-11T08:49Z,2015-06-11T08:55Z,2015-06-11T08:59Z,12367,5673,No
M7.9,2015-06-25T08:02Z,2015-06-25T08:16Z,2015-06-25T09:05Z,12371,5692,2015-06-25T08:36:00-CME-001
M6.5,2015-06-22T17:39Z,2015-06-22T18:23Z,2015-06-22T18:51Z,12371,5692,2015-06-22T18:36:00-CME-001
M3.0,2015-06-18T16:30Z,2015-06-18T17:36Z,2015-06-18T18:25Z,12371,5692,2015-06-18T17:24:00-CME-001
M2.6,2015-06-21T02:04Z,2015-06-21T02:34Z,2015-06-21T03:11Z,12371,5692,2015-06-21T02:48:00-CME-001
M2.0,2015-06-21T01:02Z,2015-06-21T01:42Z,2015-06-21T02:00Z,12371,5692,2015-06-21T02:48:00-CME-001
M1.0,2015-06-20T06:28Z,2015-06-20T06:48Z,2015-06-20T07:09Z,12371,5692,No
M1.5,2015-07-03T12:47Z,2015-07-03T12:51Z,2015-07-03T12:53Z,12378,5738,No
M1.7,2015-07-06T20:32Z,2015-07-06T20:40Z,2015-07-06T20:50Z,12381,5745,No
M1.0,2015-07-06T08:24Z,2015-07-06T08:44Z,2015-07-06T08:59Z,12381,5745,No
M5.6,2015-08-24T07:26Z,2015-08-24T07:33Z,2015-08-24T07:35Z,12403,5885,No
M3.5,2015-08-22T21:19Z,2015-08-22T21:24Z,2015-08-22T21:28Z,12403,5885,No
M2.9,2015-08-27T04:48Z,2015-08-27T05:44Z,2015-08-27T06:03Z,12403,5885,No
M2.2,2015-08-22T13:17Z,2015-08-22T13:23Z,2015-08-22T13:29Z,12403,5885,No
M2.2,2015-08-28T13:04Z,2015-08-28T13:16Z,2015-08-28T13:23Z,12403,5885,No
M2.1,2015-08-28T18:56Z,2015-08-28T19:03Z,2015-08-28T19:06Z,12403,5885,No
M1.4,2015-08-21T09:34Z,2015-08-21T09:48Z,2015-08-21T10:07Z,12403,5885,2015-08-21T10:24:00-CME-001
M1.4,2015-08-30T02:01Z,2015-08-30T03:30Z,2015-08-30T04:23Z,12403,5885,No
M1.2,2015-08-22T06:39Z,2015-08-22T06:49Z,2015-08-22T06:59Z,12403,5885,2015-08-22T07:24:00-CME-001
M1.2,2015-08-21T01:56Z,2015-08-21T02:18Z,2015-08-21T02:37Z,12403,5885,No
M1.1,2015-08-21T19:10Z,2015-08-21T20:34Z,2015-08-21T20:50Z,12403,5885,No
M1.0,2015-08-24T17:40Z,2015-08-24T17:46Z,2015-08-24T17:49Z,12403,5885,No
M2.1,2015-09-20T17:32Z,2015-09-20T18:03Z,2015-09-20T18:29Z,12415,5956,2015-09-20T18:12:00-CME-001
M1.1,2015-09-17T09:34Z,2015-09-17T09:40Z,2015-09-17T09:45Z,12415,5956,No
M1.5,2015-09-20T04:55Z,2015-09-20T05:03Z,2015-09-20T05:17Z,12420,5974,No
M3.6,2015-09-28T03:45Z,2015-09-28T03:55Z,2015-09-28T03:59Z,12423,5982,2015-09-28T05:12:00-CME-001
M1.3,2015-09-29T08:46Z,2015-09-29T08:51Z,2015-09-29T08:55Z,12423,5982,No
M1.2,2015-09-29T03:11Z,2015-09-29T03:16Z,2015-09-29T03:31Z,12423,5982,No
M1.2,2015-09-29T05:33Z,2015-09-29T05:37Z,2015-09-29T05:39Z,12423,5982,No
M7.6,2015-09-28T14:53Z,2015-09-28T14:58Z,2015-09-28T15:03Z,12422,5983,No
M5.5,2015-10-02T00:06Z,2015-10-02T00:13Z,2015-10-02T00:17Z,12422,5983,No
M4.5,2015-10-01T13:03Z,2015-10-01T13:10Z,2015-10-01T13:14Z,12422,5983,No
M2.9,2015-09-29T05:05Z,2015-09-29T05:16Z,2015-09-29T05:23Z,12422,5983,No
M1.9,2015-09-27T10:20Z,2015-09-27T10:40Z,2015-09-27T10:46Z,12422,5983,No
M1.6,2015-09-29T11:09Z,2015-09-29T11:15Z,2015-09-29T11:20Z,12422,5983,No
M1.4,2015-09-29T06:39Z,2015-09-29T06:43Z,2015-09-29T06:46Z,12422,5983,No
M1.3,2015-09-30T10:49Z,2015-09-30T10:59Z,2015-09-30T11:13Z,12422,5983,No
M1.1,2015-09-28T07:27Z,2015-09-28T07:35Z,2015-09-28T07:46Z,12422,5983,No
M1.1,2015-09-28T13:01Z,2015-09-28T13:18Z,2015-09-28T13:29Z,12422,5983,No
M1.1,2015-09-29T03:41Z,2015-09-29T03:43Z,2015-09-29T03:53Z,12422,5983,No
M1.1,2015-09-29T19:20Z,2015-09-29T19:24Z,2015-09-29T19:27Z,12422,5983,No
M1.1,2015-09-30T13:18Z,2015-09-30T13:20Z,2015-09-30T13:21Z,12422,5983,No
M1.0,2015-09-27T20:54Z,2015-09-27T21:00Z,2015-09-27T21:15Z,12422,5983,No
M1.0,2015-09-29T05:53Z,2015-09-29T05:56Z,2015-09-29T06:04Z,12422,5983,No
M1.0,2015-10-02T12:19Z,2015-10-02T12:26Z,2015-10-02T12:31Z,12422,5983,No
M1.0,2015-10-02T17:08Z,2015-10-02T17:18Z,2015-10-02T17:23Z,12422,5983,No
M1.0,2015-10-04T02:34Z,2015-10-04T02:41Z,2015-10-04T02:48Z,12422,5983,No
M1.1,2015-10-15T23:27Z,2015-10-15T23:31Z,2015-10-15T23:37Z,12434,6015,No
M1.1,2015-10-16T06:11Z,2015-10-16T06:16Z,2015-10-16T06:20Z,12434,6015,No
M1.5,2015-10-17T20:35Z,2015-10-17T20:42Z,2015-10-17T20:46Z,12437,6026,No
M1.1,2015-10-17T20:09Z,2015-10-17T20:23Z,2015-10-17T20:28Z,12437,6026,No
M2.6,2015-11-04T11:55Z,2015-11-04T12:03Z,2015-11-04T12:06Z,12445,6052,No
M1.9,2015-11-04T03:20Z,2015-11-04T03:26Z,2015-11-04T03:29Z,12445,6052,2015-11-04T03:48:00-CME-001
M3.7,2015-11-04T13:31Z,2015-11-04T13:52Z,2015-11-04T14:13Z,12443,6063,2015-11-04T14:24:00-CME-001
M1.0,2015-10-31T17:48Z,2015-10-31T17:52Z,2015-10-31T17:55Z,12443,6063,No
M3.9,2015-11-09T12:49Z,2015-11-09T13:12Z,2015-11-09T13:28Z,12449,6078,No
M2.8,2015-12-21T00:52Z,2015-12-21T01:03Z,2015-12-21T01:11Z,12472,6205,2015-12-21T01:24:00-CME-001
M1.1,2015-12-21T10:09Z,2015-12-21T10:19Z,2015-12-21T10:32Z,12472,6205,2015-12-21T10:48:00-CME-001
M4.7,2015-12-23T00:23Z,2015-12-23T00:40Z,2015-12-23T00:52Z,12473,6206,2015-12-23T01:09:00-CME-001
M2.3,2016-01-01T23:10Z,2016-01-02T00:11Z,2016-01-02T01:01Z,12473,6206,No
M1.8,2015-12-28T11:20Z,2015-12-28T12:45Z,2015-12-28T14:09Z,12473,6206,2015-12-28T12:39:00-CME-001
M1.6,2015-12-22T03:15Z,2015-12-22T03:34Z,2015-12-22T03:48Z,12473,6206,No
M1.1,2015-12-24T01:49Z,2015-12-24T02:12Z,2015-12-24T02:22Z,12473,6206,No
M1.8,2016-02-13T15:16Z,2016-02-13T15:24Z,2016-02-13T15:26Z,12497,6327,No
M1.1,2016-02-15T10:41Z,2016-02-15T11:00Z,2016-02-15T11:06Z,12497,6327,No
M1.0,2016-02-12T10:36Z,2016-02-12T10:47Z,2016-02-12T10:53Z,12497,6327,No
M1.0,2016-02-14T19:18Z,2016-02-14T19:26Z,2016-02-14T19:29Z,12497,6327,No
M6.7,2016-04-18T00:14Z,2016-04-18T00:29Z,2016-04-18T00:39Z,12529,6483,2016-04-18T00:36:00-CME-001
M7.6,2016-07-23T05:00Z,2016-07-23T05:16Z,2016-07-23T05:24Z,12567,6670,2016-07-23T05:24:00-CME-001
M5.5,2016-07-23T05:27Z,2016-07-23T05:31Z,2016-07-23T05:33Z,12567,6670,2016-07-23T05:24:00-CME-001
M5.0,2016-07-23T01:46Z,2016-07-23T02:11Z,2016-07-23T02:23Z,12567,6670,No
M2.0,2016-07-24T06:09Z,2016-07-24T06:20Z,2016-07-24T06:32Z,12567,6670,No
M1.9,2016-07-24T17:30Z,2016-07-24T17:43Z,2016-07-24T18:12Z,12567,6670,No
M1.2,2016-07-21T00:42Z,2016-07-21T00:46Z,2016-07-21T00:50Z,12567,6670,No
M1.0,2016-07-21T01:34Z,2016-07-21T01:49Z,2016-07-21T02:04Z,12567,6670,No
M1.2,2016-11-29T23:29Z,2016-11-29T23:38Z,2016-11-29T23:40Z,12615,6870,No
M1.0,2016-11-29T17:19Z,2016-11-29T17:23Z,2016-11-29T17:26Z,12615,6870,No
M5.8,2017-04-03T14:19Z,2017-04-03T14:29Z,2017-04-03T14:34Z,12644,6972,2017-04-03T15:36:00-CME-001
M5.7,2017-04-02T20:26Z,2017-04-02T20:33Z,2017-04-02T20:38Z,12644,6972,No
M5.3,2017-04-02T07:50Z,2017-04-02T08:02Z,2017-04-02T08:13Z,12644,6972,2017-04-02T09:09:00-CME-001
M4.4,2017-04-01T21:35Z,2017-04-01T21:48Z,2017-04-01T22:05Z,12644,6972,2017-04-01T22:12:00-CME-001
M2.3,2017-04-02T12:52Z,2017-04-02T13:00Z,2017-04-02T13:11Z,12644,6972,No
M2.1,2017-04-02T18:18Z,2017-04-02T18:38Z,2017-04-02T19:28Z,12644,6972,2017-04-02T20:09:00-CME-001
M1.2,2017-04-03T00:56Z,2017-04-03T01:05Z,2017-04-03T01:12Z,12644,6972,2017-04-03T01:48:00-CME-001
M2.4,2017-07-14T01:07Z,2017-07-14T02:09Z,2017-07-14T03:24Z,12665,7075,2017-07-14T01:36:00-CME-001
M1.3,2017-07-09T03:09Z,2017-07-09T03:18Z,2017-07-09T03:37Z,12665,7075,No
M1.2,2017-08-20T01:36Z,2017-08-20T01:52Z,2017-08-20T02:03Z,12672,7110,No
X9.3,2017-09-06T11:53Z,2017-09-06T12:02Z,2017-09-06T12:10Z,12673,7115,2017-09-06T12:24:00-CME-001
X8.2,2017-09-10T15:35Z,2017-09-10T16:06Z,2017-09-10T16:31Z,12673,7115,2017-09-10T16:09:00-CME-001
X2.2,2017-09-06T08:57Z,2017-09-06T09:10Z,2017-09-06T09:17Z,12673,7115,No
X1.3,2017-09-07T14:20Z,2017-09-07T14:36Z,2017-09-07T14:55Z,12673,7115,2017-09-07T15:12:00-CME-001
M8.1,2017-09-08T07:40Z,2017-09-08T07:49Z,2017-09-08T07:58Z,12673,7115,2017-09-08T07:24:00-CME-001
M7.3,2017-09-07T10:11Z,2017-09-07T10:15Z,2017-09-07T10:18Z,12673,7115,2017-09-07T10:48:00-CME-001
M5.5,2017-09-04T20:28Z,2017-09-04T20:33Z,2017-09-04T20:37Z,12673,7115,2017-09-04T20:36:00-CME-001
M4.2,2017-09-05T01:03Z,2017-09-05T01:08Z,2017-09-05T01:11Z,12673,7115,No
M3.9,2017-09-07T23:50Z,2017-09-07T23:59Z,2017-09-08T00:14Z,12673,7115,2017-09-07T23:36:00-CME-001
M3.8,2017-09-05T06:33Z,2017-09-05T06:40Z,2017-09-05T06:43Z,12673,7115,No
M3.7,2017-09-09T10:50Z,2017-09-09T11:04Z,2017-09-09T11:42Z,12673,7115,No
M3.2,2017-09-05T04:33Z,2017-09-05T04:53Z,2017-09-05T05:07Z,12673,7115,No
M3.0,2017-09-08T15:09Z,2017-09-08T15:47Z,2017-09-08T16:04Z,12673,7115,No
M2.5,2017-09-06T15:51Z,2017-09-06T15:56Z,2017-09-06T16:03Z,12673,7115,No
M2.4,2017-09-07T04:59Z,2017-09-07T05:02Z,2017-09-07T05:08Z,12673,7115,No
M2.3,2017-09-05T17:37Z,2017-09-05T17:43Z,2017-09-05T17:51Z,12673,7115,No
M2.1,2017-09-04T22:10Z,2017-09-04T22:14Z,2017-09-04T22:19Z,12673,7115,No
M2.1,2017-09-08T23:33Z,2017-09-08T23:45Z,2017-09-08T23:56Z,12673,7115,No
M1.7,2017-09-04T18:46Z,2017-09-04T19:37Z,2017-09-04T19:52Z,12673,7115,No
M1.5,2017-09-04T15:11Z,2017-09-04T15:30Z,2017-09-04T15:33Z,12673,7115,2017-09-04T19:39:00-CME-001
M1.5,2017-09-04T19:59Z,2017-09-04T20:02Z,2017-09-04T20:06Z,12673,7115,No
M1.4,2017-09-06T19:21Z,2017-09-06T19:30Z,2017-09-06T19:35Z,12673,7115,No
M1.4,2017-09-07T09:49Z,2017-09-07T09:54Z,2017-09-07T09:58Z,12673,7115,No
M1.3,2017-09-08T02:19Z,2017-09-08T02:24Z,2017-09-08T02:29Z,12673,7115,No
M1.2,2017-09-08T03:39Z,2017-09-08T03:43Z,2017-09-08T03:45Z,12673,7115,2017-09-08T04:17:00-CME-001
M1.2,2017-09-04T05:36Z,2017-09-04T05:49Z,2017-09-04T06:05Z,12673,7115,No
M1.1,2017-09-09T04:14Z,2017-09-09T04:28Z,2017-09-09T04:43Z,12673,7115,No
M1.1,2017-09-09T22:04Z,2017-09-09T23:53Z,2017-09-10T00:41Z,12673,7115,No
M1.0,2017-09-04T18:05Z,2017-09-04T18:22Z,2017-09-04T18:31Z,12673,7115,2017-09-04T19:39:00-CME-001
M1.0,2017-09-05T03:42Z,2017-09-05T03:51Z,2017-09-05T04:04Z,12673,7115,No
M1.1,2017-10-20T23:10Z,2017-10-20T23:28Z,2017-10-20T23:37Z,12685,7169,2017-10-21T00:12:00-CME-001
